url,page_title,meta_title,meta_description
https://www.teamhaanpaa.com/,Home,Haanpaa Martial Arts | BJJ | Fitness Kick Boxing | Rockford,
https://www.teamhaanpaa.com/beloit,Beloit Martial Arts,Beloit Martial Arts,
https://www.teamhaanpaa.com/classes,Class Schedule,CLASS SCHEDULE | rockfordmma,
https://www.teamhaanpaa.com/contact,Contact,CONTACT | rockfordmma,
https://www.teamhaanpaa.com/fitness-kickboxing,Fitness Kickboxing,Fitness Kickboxing | rockfordmma,
https://www.teamhaanpaa.com/instructors,Instructors,Rockford | Byron | Jiu-Jitsu Instructors | Muay Thai | Self Defense,
https://www.teamhaanpaa.com/free-trial,Free Trial,Rockford MMA | Free Trial | Fitness | Self Defense | Kick Boxing,
https://www.teamhaanpaa.com/reviews,Reviews,REVIEWS | rockfordmma,
https://www.teamhaanpaa.com/personal-training,Personal Training,Personal Training | rockfordmma,
https://www.teamhaanpaa.com/kids,Kids,Kids | rockfordmma,
https://www.teamhaanpaa.com/gracie-brazilian-jiu-jitsu,Gracie (Brazilian) Jiu-Jitsu,Gracie (Brazilian) Jiu-Jitsu | rockfordmma,
